"grids","PE","sd_ALT","sd_MAP","sd_MAT","sd_NPP","lon","lat"
"v101",27.8208735493511,280.935185815533,219.982648750168,0.977645195582196,310478911116.932,11912047.7701,1097669.6737
"v102",30.8619035767681,334.146784172512,308.837943241912,1.18662054863719,238727732217.961,12012047.7701,1097669.6737
"v103",30.1395316149257,384.190326825012,438.237133079486,1.37899815159218,169057732365.896,12112047.7701,1097669.6737
"v1038",26.6048270705546,102.622921112314,69.3434615982379,0.5936999119435,72834993696.64,2812047.7701,97669.6736999992
"v1039",30.068023484607,568.82882767032,170.714505816526,3.20319180051938,129473653394.955,2912047.7701,97669.6736999992
"v1076",23.6312713869016,405.587051828921,166.285070863626,2.07505082616962,353662938911.898,11612047.7701,97669.6736999992
"v1077",23.2614132384352,370.166542998326,110.724183601682,1.85813074684751,216370414861.567,11712047.7701,97669.6736999992
"v1078",23.2754086907192,257.456811054795,250.257599208736,1.23409873987571,104694419263.53,11812047.7701,97669.6736999992
"v1081",25.8175744023754,198.154094475798,63.6565511865725,0.929279358471799,452394985276.439,12312047.7701,97669.6736999992
"v1082",25.4148416682246,172.408989366501,39.9448794968696,0.869004087621398,115683871578.967,12412047.7701,97669.6736999992
"v10846",25.1787562594953,55.6021052842575,119.203432804464,0.273037499281714,197176080552.027,11412047.7701,-4202330.3263
"v1091",34.4177073484696,112.894085736036,600.553440988344,0.489329658847989,89842688905.8752,-7687952.2299,-2330.32630000077
"v1092",69.5558596649003,1014.70991826744,665.719295155653,4.8048375656196,73645719608.6279,-7587952.2299,-2330.32630000077
"v1093",70.1826487168447,1197.85729490533,924.083194958364,6.15878382831198,281308660012.35,-7487952.2299,-2330.32630000077
"v1094",28.1438799705064,27.4316290608019,150.646544518856,0.174613042180165,8443099752.52123,-7387952.2299,-2330.32630000077
"v1122",70.3581241139015,224.2621934337,379.328168325426,1.26016770795748,273235.786558156,612047.770100001,-2330.32630000077
"v113",25.2317292762653,192.145392887096,384.216232603754,1.12299588631052,274817880394.671,-7587952.2299,997669.673699999
"v11309",24.640935127023,95.75274467513,217.702646171823,0.616618363406382,190965727810.833,16912047.7701,-4402330.3263
"v114",45.7487910324273,296.7115641922,329.673383833794,1.59219848829666,66243441022.0686,-7487952.2299,997669.673699999
"v1142",31.3279194308259,425.173432442115,142.979423729639,2.64878520674754,160249278240.42,2812047.7701,-2330.32630000077
"v1143",27.5607656273193,513.696902986515,201.46804283852,2.84269729486798,171121237831.827,2912047.7701,-2330.32630000077
"v1148",23.2771676694602,438.206618423676,229.573456368637,2.64742608368269,95180028767.831,3412047.7701,-2330.32630000077
"v115",30.4625742484134,240.861918940556,360.723761940886,1.27649515282359,95536064705.9264,-7387952.2299,997669.673699999
"v116",25.4018667639504,222.944202977361,462.684589583693,1.42156967149376,110374203407.995,-7287952.2299,997669.673699999
"v118",29.1955665073981,924.292589195089,508.892209216406,5.75769494633416,227671235921.596,-7087952.2299,997669.673699999
"v1182",27.7367745421978,92.360658372014,142.405874798785,0.489593972630135,381704635790.713,12312047.7701,-2330.32630000077
"v1183",24.0886233245941,83.6959627725438,28.2704051117092,0.322761689969981,669922297.272944,12412047.7701,-2330.32630000077
"v1186",23.6346252172961,77.4146961059295,57.8321648286638,0.231565530584505,370756420923.772,12712047.7701,-2330.32630000077
"v1187",27.2583319732148,68.9774833534204,42.8628908256922,0.395073639188171,332674117507.694,12812047.7701,-2330.32630000077
"v119",40.9911746261297,763.688428098275,349.994040852588,4.10953314434788,144377317995.679,-6987952.2299,997669.673699999
"v1194",34.0976915331971,169.358236812742,541.131438714722,0.707521225893481,87504541377.5512,-7687952.2299,-102330.326300001
"v1195",60.7817297738652,822.047463105597,497.667333025522,4.54462088226867,63979534479.6147,-7587952.2299,-102330.326300001
"v1196",68.4862193289271,969.687320397552,926.846767557342,4.69832457715155,268424837836.674,-7487952.2299,-102330.326300001
"v120",34.3526168913901,771.335041614455,245.321694991737,4.40449981117684,129586568668.013,-6887952.2299,997669.673699999
"v12104",24.3356080795281,86.4322500117241,170.605216632471,0.470875634758363,162325650416.399,16812047.7701,-4802330.3263
"v12105",23.8356730989105,212.575262887924,294.652090717337,0.959867579549743,197830873027.101,16912047.7701,-4802330.3263
"v12466",25.432458213886,37.6948796914394,83.1906475637752,0.290845297373723,NA,-17087952.2299,-5102330.3263
"v12467",34.6229503354772,65.8958510666273,88.9343269943104,0.357045810190668,NA,-16987952.2299,-5102330.3263
"v1248",31.6855251134756,333.993796934362,224.496301320442,2.28986670331241,140711474117.044,2812047.7701,-102330.326300001
"v1249",29.1506643966992,255.263730273552,142.357167762666,1.59688742753167,84437607235.5252,2912047.7701,-102330.326300001
"v1266",23.1304237530657,437.676623046506,506.882082391219,2.76140387749129,112366597913.778,9712047.7701,-102330.326300001
"v1280",22.975303654688,412.444314543403,223.922218575268,2.26221143510915,262377608135.705,11512047.7701,-102330.326300001
"v1281",23.9677689919004,377.866996395261,146.49371924844,1.91322163655823,355626416479.652,11612047.7701,-102330.326300001
"v1282",23.7868277980331,391.489783779863,123.775969753814,1.9599647004943,184767124929.05,11712047.7701,-102330.326300001
"v1283",25.5876314706357,455.003675927332,257.997801727727,2.42848131965565,282783619173.777,11812047.7701,-102330.326300001
"v1285",28.18614735149,146.534285309684,70.5196425861018,0.757550424743685,259424974444.012,12312047.7701,-102330.326300001
"v1286",24.6583539155442,36.6041123222829,59.0679537855975,0.221547817083217,4285328.11080918,12412047.7701,-102330.326300001
"v1288",23.3905046330435,81.7003399615914,139.773548256865,0.470030651715801,232584928082.794,12612047.7701,-102330.326300001
"v1289",46.2852627963768,192.414023637622,131.716205283333,1.03651276093861,365655133288.921,12712047.7701,-102330.326300001
"v1290",48.8122658883942,424.899171735111,119.47625853071,2.09260954705115,166695932316.734,12812047.7701,-102330.326300001
"v1291",50.2285284044093,730.80638655265,208.058657122201,3.80472264031446,198995765805.047,12912047.7701,-102330.326300001
"v1298",23.0444430736115,158.919624652811,235.990660298971,0.726389452132391,101413929413.968,-7787952.2299,-202330.326300001
"v1299",31.1042716510026,352.584419478624,390.343959121355,1.28018794354049,84816200200.7407,-7687952.2299,-202330.326300001
"v13",32.8846607177815,1279.87885862502,271.265959011156,7.21209648882606,150159809724.701,-6887952.2299,1097669.6737
"v1300",58.9990554662066,723.508544947523,496.297630148453,4.01660147944182,90928921441.6767,-7587952.2299,-202330.326300001
"v13006",23.1813965008186,130.572613006711,172.170014645563,0.4463778730562,172678437969.607,16212047.7701,-5302330.3263
"v1301",49.2551663038027,338.266715220804,388.818762532298,1.66589695237029,69074181307.9844,-7487952.2299,-202330.326300001
"v1354",31.3372674187185,387.8406845752,182.539409038967,1.87487910998987,137029459666.859,2812047.7701,-202330.326300001
"v1355",27.0327836153153,255.705023771398,140.058071523218,1.62054882760335,33622248515.342,2912047.7701,-202330.326300001
"v1384",23.2678897181186,480.134941061812,132.669749292884,2.46010662692019,362893282308.31,11512047.7701,-202330.326300001
"v1385",23.9682991550253,500.978035840983,107.939578577394,2.80812675684943,255397618851.725,11612047.7701,-202330.326300001
"v1386",23.4984144407173,562.857891954604,173.807092942981,3.08453081939732,240733375608.033,11712047.7701,-202330.326300001
"v1387",24.6271053216313,330.205447413247,152.656982990937,1.62821344389092,256854034020.694,11812047.7701,-202330.326300001
"v1397",45.7344385976551,299.362685577228,184.879635061854,1.57561464449708,98612256698.1012,12812047.7701,-202330.326300001
"v1398",51.3621552268655,666.083740053604,154.140379979906,3.42407133362785,276028553553.657,12912047.7701,-202330.326300001
"v14",32.2887705012243,1021.32097642498,212.162509184552,6.17293145563537,157463211681.831,-6787952.2299,1097669.6737
"v1400",29.1643965264759,188.043909062342,102.483326547167,0.808283358179532,354382101408.052,13112047.7701,-202330.326300001
"v1411",47.2896173619297,748.290914332195,385.666014759328,3.06126561239811,65701805774.4988,-7687952.2299,-302330.326300001
"v1412",61.5654098189015,940.127394651105,465.733561244087,5.05523260269093,177188871698.349,-7587952.2299,-302330.326300001
"v1413",39.3339876662494,408.856839288694,405.432132074049,2.00989287955738,32865315419.7801,-7487952.2299,-302330.326300001
"v1466",28.5801613187629,330.268361469764,94.4444679932797,1.91779864103594,90351180600.9513,2712047.7701,-302330.326300001
"v1467",34.8845402118315,320.791492427703,199.196327836441,1.59452336177311,101194858716.289,2812047.7701,-302330.326300001
"v14967",25.7096063284485,260.068457806792,323.986371939466,1.63405539773647,114567419644.292,-6987952.2299,2397669.6737
"v14969",28.0628906570828,512.963406097796,208.183214787212,3.57385377401237,60578261646.6421,-6887952.2299,2397669.6737
"v14971",28.1680727255468,482.089439957964,328.593950882065,3.33598005073193,140754451274.997,-6787952.2299,2397669.6737
"v1498",23.053740662209,647.805728828947,286.568940972272,3.90739075930446,272561435665.432,11612047.7701,-302330.326300001
"v1510",28.9882209134102,241.686084021802,106.25368926107,1.32078202156306,281312713016.526,13012047.7701,-302330.326300001
"v15107",31.0110355810407,41.0769318637106,99.4951144074755,0.458019607097242,124196089042.893,-7587952.2299,2297669.6737
"v15109",35.9423618855147,221.869255531178,309.130383933453,1.83614441853785,230539561242.399,-7487952.2299,2297669.6737
"v15111",41.5729258435862,265.823240528114,379.397191917571,1.94727258250305,289891151102.877,-7387952.2299,2297669.6737
"v15114",23.3931776376131,311.896203178158,200.833323608311,2.075096535094,242244325074.612,-7187952.2299,2297669.6737
"v15118",28.0047176446532,443.937780369726,228.989964311979,2.833366498332,121764690665.617,-6987952.2299,2297669.6737
"v1512",24.1501982158254,232.115949650314,155.040610831405,1.04377201299957,332249283358.336,13212047.7701,-302330.326300001
"v15120",28.6505784272747,481.51322582363,289.363669014398,3.33382018359212,168345279030.221,-6887952.2299,2297669.6737
"v15122",28.496269676263,479.098882081022,384.046998763561,3.09076256416314,194438731258.114,-6787952.2299,2297669.6737
"v15125",33.3518617881452,179.867935046026,406.416481328287,1.255330229164,339592691049.216,-6487952.2299,2297669.6737
"v15126",34.2916719036953,208.809526919397,330.278984598716,1.52426487561122,264090353194.848,-6387952.2299,2297669.6737
"v15127",27.483257423004,43.6883207290477,167.522641405512,0.27673283795851,2340255025.1952,-6287952.2299,2297669.6737
"v1513",33.1529980342923,162.364547095879,113.694805649797,0.675500071541764,1896280582.98811,13312047.7701,-302330.326300001
"v1514",37.9524853826894,363.019297883096,102.635749005745,1.53962432514698,218333435489.644,13412047.7701,-302330.326300001
"v1515",27.3993924672481,167.764146711192,113.968566774366,0.783386690904644,339801581919.136,13512047.7701,-302330.326300001
"v1516",26.9378904520353,176.225942594524,114.232843539183,0.814995412326008,327066002973.552,13612047.7701,-302330.326300001
"v1528",55.6597732580753,1349.81116632143,215.632996640298,6.26894167860643,43946441448.7416,-7687952.2299,-402330.326300001
"v15285",25.3161002293855,332.501189235105,574.568286585124,1.82842582024326,250718091914.708,11712047.7701,2297669.6737
"v1529",56.5271574646906,823.560482712093,464.278727907375,4.55639419739577,221902344585.539,-7587952.2299,-402330.326300001
"v15325",28.4866156892694,122.394905992114,225.032315680768,0.632575560446898,187854436794.995,-7487952.2299,2197669.6737
"v15327",31.4266025775461,61.7452342588917,304.596178957401,0.371011817008669,NA,-7387952.2299,2197669.6737
"v15519",24.7789566872028,321.113040394946,160.171536903905,1.56692052184534,124576008917.733,11612047.7701,2197669.6737
"v15521",27.4654645975177,532.185522768745,627.716248789632,3.02787085944811,114639967263.568,11712047.7701,2197669.6737
"v15523",28.2626104031273,314.375672694023,343.210199573508,1.56583638009246,317565245917.583,11812047.7701,2197669.6737
"v15555",27.6152354010822,330.749018018268,551.395485948409,1.60814502794627,168806808834.993,-9187952.2299,2097669.6737
"v15556",26.1167699696653,381.694222778969,427.397877248433,2.11512998445032,129046472820.674,-9087952.2299,2097669.6737
"v15557",24.5415502026682,392.936848205678,239.188992107396,2.33438428459539,88350909394.8407,-8987952.2299,2097669.6737
"v15818",25.6951490798719,604.591049177011,197.647871627249,3.12721224101855,164498560239.973,11612047.7701,2097669.6737
"v15820",28.1695459555319,517.485258627593,380.025994490263,3.08258875656613,105429050740.369,11712047.7701,2097669.6737
"v15822",27.7992485240568,283.425952729275,324.79203324423,1.36213897540126,352565327137.721,11812047.7701,2097669.6737
"v1585",31.0885109396721,362.235706678321,117.502133154266,1.90959278646426,137180537422.08,2712047.7701,-402330.326300001
"v1586",36.0729746164285,667.308373979838,331.580875775731,3.78738217416459,51570191959.1072,2812047.7701,-402330.326300001
"v1616",23.0200365962218,624.812428407759,150.971829970726,3.71865045347188,291363787858.872,11612047.7701,-402330.326300001
"v16167",27.6122233385562,266.038871503404,421.492556676425,1.41577807692355,112792791091.912,11612047.7701,1997669.6737
"v16169",30.296351105501,339.716469482449,320.913486102679,1.89404115900146,321627354692.432,11712047.7701,1997669.6737
"v16171",25.7233194535286,227.682717110834,96.0528089100179,0.991582075819771,12821229352.5001,11812047.7701,1997669.6737
"v1622",29.7558897850367,151.246593053601,234.809181849587,0.832479310401369,264483354257.017,12312047.7701,-402330.326300001
"v1623",24.4576423164056,257.774726937274,260.762336249349,1.34194629995994,386021013296.235,12412047.7701,-402330.326300001
"v1624",24.5067593335658,408.301889315009,213.207485384803,2.18741903600075,331785729035.962,12512047.7701,-402330.326300001
"v1627",23.7619706396071,233.715513216514,168.898582616071,1.25617138651442,401941408775.032,12812047.7701,-402330.326300001
"v16282",24.7733783196364,488.082657929928,584.49297030433,2.92702389714655,99741144862.8303,-8687952.2299,1897669.6737
"v16284",25.1794165153206,359.772537986764,316.79162271437,1.97381094855149,95168316512.671,-8587952.2299,1897669.6737
"v1629",30.790275785585,249.477956518156,122.764347196299,1.32611039825184,332717043767.672,13012047.7701,-402330.326300001
"v1630",52.6501329759214,543.926609165975,52.2133013209712,2.99754520068213,245312553160.402,13112047.7701,-402330.326300001
"v1631",52.4777994909455,517.754935900478,68.6962452960133,2.78151330781626,181334978934.524,13212047.7701,-402330.326300001
"v1632",54.7568621293254,497.130654904346,101.508381450233,2.54255111490217,153243242493.536,13312047.7701,-402330.326300001
"v1633",51.0101794815397,460.726397290946,116.929988696306,2.51291468544471,148671310331.58,13412047.7701,-402330.326300001
"v1634",25.0197034143878,145.699559228998,98.4743749610407,0.672720477258963,2829184800.84204,13512047.7701,-402330.326300001
"v1635",36.2593036390216,193.160169021412,96.24440370864,0.89523992939994,26443520329.1835,13612047.7701,-402330.326300001
"v1636",34.7625473994604,271.85230421506,109.994012599642,1.2046339619737,320595920914.453,13712047.7701,-402330.326300001
"v1637",30.0845777271256,219.194379865423,78.071149835503,1.03845204508197,359594571283.322,13812047.7701,-402330.326300001
"v1646",27.994462784815,246.87816695826,136.214830757483,1.07625535268241,85443228168.5246,-7787952.2299,-502330.326300001
"v1647",57.6911140728537,796.362300737381,149.72021846889,3.71571065633268,65811278710.059,-7687952.2299,-502330.326300001
"v1648",58.6225477125794,599.937287951351,354.020216015908,3.55603109660092,172631834279.131,-7587952.2299,-502330.326300001
"v16556",23.5069111240539,220.911293427943,488.200437593637,1.11742621963052,195562325981.139,11612047.7701,1897669.6737
"v16558",27.0124753411746,219.881433114146,230.984063360696,1.16714342740701,316717525634.628,11712047.7701,1897669.6737
"v16974",24.7446095595556,122.044565091549,315.869227437253,0.572737193580879,190578829700.262,11612047.7701,1797669.6737
"v16976",26.784936001751,154.813412576493,175.477182467066,0.736709429705996,304253614175.287,11712047.7701,1797669.6737
"v1706",30.3530109737209,378.77387273874,98.2458660086077,2.10872681362008,147348695148.942,2712047.7701,-502330.326300001
"v1707",34.3394625794867,615.369299518476,254.994559131301,3.27030612328812,239959466613.833,2812047.7701,-502330.326300001
"v1735",27.4914396776592,142.165452465578,254.621619195394,0.591341655277921,43899842315.6339,12312047.7701,-502330.326300001
"v1739",24.8209955952213,353.854672399838,99.6130927439233,1.84514292434431,419730627919.695,12812047.7701,-502330.326300001
"v1741",45.8088926291246,257.538390575618,128.181016334758,1.27775463254162,261682463798.788,13012047.7701,-502330.326300001
"v17414",27.7971461513354,246.77767540017,139.653012295381,1.03284017373882,275728107136.348,11612047.7701,1697669.6737
"v17416",31.7575613706238,326.697049978299,263.714497218777,1.60962929186477,269625827870.86,11712047.7701,1697669.6737
"v1742",56.6116595212571,711.529270786717,62.9926631898428,4.02127350474919,233926615470.202,13112047.7701,-502330.326300001
"v1743",63.6949373581893,962.472843597464,84.3498205518658,6.12717629009088,143766282828.687,13212047.7701,-502330.326300001
"v1744",54.610808162655,693.20905428584,147.731548762021,4.6654031652093,102019828496.287,13312047.7701,-502330.326300001
"v1745",61.8116035962512,894.492616015664,349.038620059189,6.03556804033614,193535475930.515,13412047.7701,-502330.326300001
"v1746",58.8380969127768,685.738326276591,277.994664313554,3.75222313468596,218506050094.988,13512047.7701,-502330.326300001
"v1747",35.8883935716351,196.578458370135,239.405424633326,0.947400027340607,21120375159.7868,13612047.7701,-502330.326300001
"v1748",28.0700228430748,90.0525565173334,274.299929400184,0.604405668690846,1654905935.15252,13712047.7701,-502330.326300001
"v1749",29.4169890591334,114.526564791051,284.185483499555,0.68436675389033,43569926927.9794,13812047.7701,-502330.326300001
"v1750",24.0995313299365,54.109052668741,231.502773313969,0.286598530298841,360524909530.221,13912047.7701,-502330.326300001
"v17570",25.7330220078832,75.2268464930223,230.864707182264,0.494676991581421,269124408341.468,12012047.7701,1597669.6737
"v1758",24.4416536707345,146.559740476563,75.4401400059364,0.660817270104076,74420917349.0554,-7787952.2299,-602330.326300001
"v1759",58.8706156069014,869.815699664704,297.667449844069,3.96570447600016,132417599617.833,-7687952.2299,-602330.326300001
"v1760",60.9482955813889,564.446932406737,338.654432535735,2.91788823303571,133196728005.995,-7587952.2299,-602330.326300001
"v17678",30.947880440827,160.047670187641,272.34780657323,0.962484631764529,278313875338.615,-8287952.2299,1397669.6737
"v17679",40.4065379043971,214.613464472987,406.751160321839,1.10911650524944,133299829905.909,-8187952.2299,1397669.6737
"v17682",31.4872081660336,343.916945336242,255.941745002774,2.44664245231158,216552122763.773,-7187952.2299,1397669.6737
"v17683",40.7559207991619,1281.4013705751,334.097300471013,7.28790886728738,180528473831.117,-7087952.2299,1397669.6737
"v17684",26.28631811255,322.730771906547,170.364281740501,1.94878047659102,181680316474.975,-6987952.2299,1397669.6737
"v17792",63.1251601590341,411.133496466143,602.323694875542,2.40187660690595,91621160592.7145,-8187952.2299,1297669.6737
"v17793",70.1438331022637,656.801906528663,433.990349144127,3.45120711595192,160539069883.769,-8087952.2299,1297669.6737
"v17794",42.0616010668412,268.388586517287,152.499369405391,1.55534261734414,179197622294.325,-7987952.2299,1297669.6737
"v17797",40.00622138608,682.888613044399,140.109804818128,4.48582709096451,90718719969.8492,-7087952.2299,1297669.6737
"v17798",26.9871142307372,804.821184498582,180.351100544022,4.29115999972138,195293256471.045,-6987952.2299,1297669.6737
"v17801",25.9647718608174,257.57925206436,124.560208807541,1.30825036447393,217113614347.794,-6687952.2299,1297669.6737
"v17802",33.2589325625152,309.777286220665,108.094024472404,1.62254111619127,127100347021.197,-6587952.2299,1297669.6737
"v17803",33.954918824081,373.257771226349,103.944044719122,2.15075370288996,160381833283.709,-6487952.2299,1297669.6737
"v17804",28.536601023822,276.523669379936,117.057479966665,1.8130196718532,151892891851.291,-6387952.2299,1297669.6737
"v17895",34.1402517320459,237.757014292194,367.48352527698,1.02744607707386,164710413894.453,11912047.7701,1297669.6737
"v17902",70.67753285498,816.748030819525,330.50369560568,4.74755793699538,96842349526.3247,-8087952.2299,1197669.6737
"v17903",70.9928683061966,778.16413160815,274.568260020137,4.43595378674546,193893046934.371,-7987952.2299,1197669.6737
"v17906",27.4020120918591,152.742607076426,263.826602522305,0.868707549508974,251321044705.845,-7687952.2299,1197669.6737
"v17907",26.665483724424,108.578218409807,281.123703938662,0.677026139545103,291887808076.861,-7587952.2299,1197669.6737
"v17912",23.5304139160019,493.379307116742,260.991529919666,3.13119259534813,83436262824.159,-7087952.2299,1197669.6737
"v17914",23.9977967316281,380.57068462564,143.980212692238,1.75227565410909,235056116962.733,-6887952.2299,1197669.6737
"v17915",31.4378841837231,810.389626148822,162.33490513596,4.18368210091554,118389421849.982,-6787952.2299,1197669.6737
"v17916",23.5594644741919,438.976936736788,114.39145298093,2.3465341429691,97048003797.0846,-6687952.2299,1197669.6737
"v18005",25.5293019600948,221.795188852805,369.688808658349,0.828746573130468,173707427196.576,11912047.7701,1197669.6737
"v18007",26.9692261333105,271.946288140189,395.827165451656,1.00193470614025,282023507079.752,12112047.7701,1197669.6737
"v1828",39.668943321716,438.709969617574,204.090711075157,2.46812021929894,149518939038.268,3712047.7701,-602330.326300001
"v1846",50.0874610262646,125.105528494746,145.946943357864,0.476780974044585,337691247109.183,13212047.7701,-602330.326300001
"v1847",55.080258727006,301.989476349553,214.848704675864,1.4374840975448,319707360151.278,13312047.7701,-602330.326300001
"v1848",60.6083210955534,835.907878397681,335.431528997294,5.01634352554683,344506130315.818,13412047.7701,-602330.326300001
"v1849",60.9071595024988,1175.79745249884,471.454037811115,7.27225732240967,251054507117.157,13512047.7701,-602330.326300001
"v1850",57.8787698358498,773.74321369552,825.733350027143,4.45200879019086,289591645394.812,13612047.7701,-602330.326300001
"v1851",55.0649091757491,635.334985002649,280.060484681922,3.16103124881511,84803439249.5507,13712047.7701,-602330.326300001
"v1852",55.7782225320972,690.442915509922,156.674899532112,3.46755238545647,173755551864.821,13812047.7701,-602330.326300001
"v1853",50.2276116034699,482.085132195736,323.578814210337,2.0799912307955,31761468660.4382,13912047.7701,-602330.326300001
"v1854",39.9247051296349,281.566105707712,258.066939281224,1.03475544552626,327236757391.644,14012047.7701,-602330.326300001
"v1864",52.4508399308374,1029.41007221374,361.159497244759,3.89326634260935,174332393512.242,-7687952.2299,-702330.326300001
"v1865",64.0542902453571,579.740526411155,292.03508562503,2.90903556388108,214433287391.941,-7587952.2299,-702330.326300001
"v1866",59.2535818241862,597.949570873874,281.753937402426,3.08243236530548,212425491055.23,-7487952.2299,-702330.326300001
"v1933",29.0166545500784,207.449175879351,140.196737550849,1.39606592882895,242387106034.294,3712047.7701,-702330.326300001
"v1955",40.5829342394813,74.9814507980018,282.772054088767,0.317167839639773,102057550740.163,13512047.7701,-702330.326300001
"v1956",61.8735278514576,547.000311783857,379.23805041048,2.93567857810049,299507489860.832,13612047.7701,-702330.326300001
"v1957",62.6625861750215,823.028107165537,497.159709987383,4.6363155235099,261237583282.768,13712047.7701,-702330.326300001
"v1958",51.598707145488,502.321902371463,217.668798363268,3.22117278389852,233925802109.981,13812047.7701,-702330.326300001
"v1959",55.1586242900087,657.236911165241,377.516234362566,3.74940024052108,209295550877.618,13912047.7701,-702330.326300001
"v1960",56.4674523564525,839.328159693343,406.411849629338,4.22380563584383,258926632270.95,14012047.7701,-702330.326300001
"v1961",51.1598379855208,863.769845025993,170.664095488242,4.13472455935159,166484426274.478,14112047.7701,-702330.326300001
"v1962",30.6415376669806,107.99530708882,153.703924202981,0.421682049793457,130659995737.159,14212047.7701,-702330.326300001
"v1973",31.724579769102,1010.84690488509,295.000162991329,3.48506450107888,141721286558.765,-7687952.2299,-802330.326300001
"v1974",36.4275423866689,609.076907097182,168.654513703997,2.69291195971769,104251838819.791,-7587952.2299,-802330.326300001
"v1975",55.8808061660643,632.123091716995,171.417093020329,3.0764712038705,227526388580.262,-7487952.2299,-802330.326300001
"v1976",30.3104144732558,478.995290489413,357.628608710327,2.29878221437445,10922487534.5953,-7387952.2299,-802330.326300001
"v2",73.0690809945591,620.80042055048,235.677018865629,3.47937975037161,89978105997.4809,-7987952.2299,1097669.6737
"v2040",25.8086991142004,202.843881933152,87.2926361841112,1.1409006242924,70510600066.7553,3512047.7701,-802330.326300001
"v2041",23.6431714372932,353.69276150145,86.0948080025401,2.00730909890223,119980707627.519,3612047.7701,-802330.326300001
"v2046",26.5979924303997,140.76975498961,607.043613015102,1.0638675488015,298690315338.084,10212047.7701,-802330.326300001
"v2047",25.8445811711583,215.389414177152,691.883807996704,1.63014244264007,82984807845.7723,10312047.7701,-802330.326300001
"v206",29.5942561655079,229.030516183308,176.685224814724,0.669612908938201,276017889302.329,11912047.7701,997669.673699999
"v2061",27.9992622155668,13.6204077717879,504.448055384606,0.103785201486096,6963856336.00153,13612047.7701,-802330.326300001
"v2062",59.2453432496416,169.821388486483,231.208691058824,1.06049513553437,120040526513.303,13712047.7701,-802330.326300001
"v2063",52.6612670057246,663.797979894486,548.214451202573,3.28496966271647,288555234951.406,13812047.7701,-802330.326300001
"v2064",53.4300938266904,657.5022056003,338.536098652092,3.70883547183494,257311291920.695,13912047.7701,-802330.326300001
"v2065",53.1536015503887,445.763757159317,343.382787401536,2.36490843376107,210047984895.562,14012047.7701,-802330.326300001
"v2066",55.029710258211,763.356654369388,171.373100549877,3.73116147755278,182813078805.962,14112047.7701,-802330.326300001
"v2067",49.9278928554077,917.125190984183,290.930040614162,4.59657007087811,289766754828.036,14212047.7701,-802330.326300001
"v2068",27.7734158167502,79.6782589237222,359.414685061934,0.294995594654697,70055098550.1829,14312047.7701,-802330.326300001
"v207",31.7713739706156,455.35541663265,175.965568642435,2.23569760677815,66476719510.6523,12012047.7701,997669.673699999
"v2078",25.8348558957883,719.913996988162,258.439215644524,3.16217534706034,68585076138.5242,-7587952.2299,-902330.326300001
"v2079",48.4205670871024,836.189929329538,204.986468759213,4.09737197718746,266536650549.229,-7487952.2299,-902330.326300001
"v208",33.6443816333908,297.640823446538,232.666840456923,0.913194838885773,157744461259.324,12112047.7701,997669.673699999
"v2080",34.6253790340101,281.301843593539,209.224767118464,1.38705969524086,13717231742.9968,-7387952.2299,-902330.326300001
"v2081",23.739208320352,263.421798856836,91.7823957768366,1.0045520141106,7047580836.33916,-7287952.2299,-902330.326300001
"v209",29.3317265894761,308.155330432941,345.632227763321,1.28561700396821,395957595808.495,12212047.7701,997669.673699999
"v2144",27.2237520587022,332.543152079926,206.005108954455,1.80604041113934,172239623094.016,3512047.7701,-902330.326300001
"v2145",28.9876122774629,295.911993318835,210.818189502739,1.78547843662322,91088169701.7018,3612047.7701,-902330.326300001
"v2152",25.3978545921278,404.340724829182,442.617067670353,2.73467894121198,167635956752.922,10312047.7701,-902330.326300001
"v2153",25.4218371996612,416.662054143149,332.977494033526,2.94972222270833,78792523395.6783,10412047.7701,-902330.326300001
"v2154",22.9780871875113,318.548241943664,536.215208528263,2.31017026090245,63490040573.574,10512047.7701,-902330.326300001
"v2165",25.7913072450543,21.5538583147863,30.1151002546404,0.126456074770534,203795791454.974,12712047.7701,-902330.326300001
"v2172",31.3541818785005,243.985501450132,292.546319876813,1.19414020711324,27895901314.7946,13812047.7701,-902330.326300001
"v2173",36.0468829199978,367.910340195293,503.058715545419,1.62252241711825,125069758088.365,13912047.7701,-902330.326300001
"v2174",51.9149949857284,559.842172902965,543.69137491052,2.34721443831761,169830895300.858,14012047.7701,-902330.326300001
"v2175",51.9391913873239,601.376001521642,167.383374944346,3.12784564297778,222876756300.924,14112047.7701,-902330.326300001
"v2176",48.7146508448417,700.47655648796,492.577520344715,3.08772804875757,343930885580.812,14212047.7701,-902330.326300001
"v218",32.743529985439,147.392463676211,497.571906753011,0.903912135166345,293690860303.712,-7487952.2299,897669.673699999
"v2185",24.9073143844625,1260.64906148903,266.679701345591,4.26950436114207,101477018447.849,-7587952.2299,-1002330.3263
"v2186",47.9294392279448,657.132829611124,200.868051781582,3.51021585127339,134898408489.908,-7487952.2299,-1002330.3263
"v2187",41.4613909284453,579.171263148817,452.850591349177,2.6202291437733,110709189118.037,-7387952.2299,-1002330.3263
"v219",42.7509080526448,673.556438170673,746.73142278723,3.52274044621508,236186583511.272,-7387952.2299,897669.673699999
"v220",46.3887828329597,669.244785139222,330.356672232892,3.42792919585673,188088318821.779,-7287952.2299,897669.673699999
"v221",28.5851050408165,333.487303257958,248.577106137277,1.80968650321645,34015489891.6309,-7187952.2299,897669.673699999
"v222",34.6608696272864,689.529403794906,505.794597979274,4.25315769828013,248461960465.299,-7087952.2299,897669.673699999
"v223",37.8052326245421,1063.31585780119,686.668321683099,5.66101643319617,219226252535.045,-6987952.2299,897669.673699999
"v2251",23.6635054235373,375.556365964018,142.600034534112,2.16046753826258,47455149431.0871,3412047.7701,-1002330.3263
"v2252",33.8526762941529,549.450660540602,270.228757609236,2.70502705554052,142831369326.934,3512047.7701,-1002330.3263
"v2278",25.6240629764939,14.9018775028794,33.473631809951,0.103848295053511,293928580088.499,12612047.7701,-1002330.3263
"v2279",25.6240629764939,36.6654317506166,24.3384838621639,0.24190437110115,343069038979.307,12712047.7701,-1002330.3263
"v2287",25.2173774944081,83.3927164126379,112.548935821476,0.247874471121619,414759138698.832,14012047.7701,-1002330.3263
"v2288",56.3092306445917,587.453900912216,213.776003829651,2.81430072888752,204425039651.245,14112047.7701,-1002330.3263
"v2289",56.9135920081122,920.431499106432,236.275136424567,4.84411035807648,218878428471.15,14212047.7701,-1002330.3263
"v2300",33.8724782855193,725.004393657825,220.590312594718,4.24270466346941,42310270222.8548,-7487952.2299,-1102330.3263
"v2301",46.0090834285491,1191.6236938947,890.289119084566,5.84966563026032,324173593671.438,-7387952.2299,-1102330.3263
"v2302",24.3904820078926,489.105388468962,863.900808451059,1.81735948072246,7197500820.06477,-7287952.2299,-1102330.3263
"v2364",23.7090060940155,449.475656755303,191.964108979686,2.19898053135091,144474907898.152,3412047.7701,-1102330.3263
"v2365",23.8222105192489,305.852655334514,142.500169875765,1.52348874079416,93947471870.2211,3512047.7701,-1102330.3263
"v2395",43.2806520176705,115.705650595736,239.43583783275,0.642319864347865,303784292574.265,14112047.7701,-1102330.3263
"v2396",61.2549701777773,869.051381808905,389.040612200533,4.69328713789691,234714901494.221,14212047.7701,-1102330.3263
"v2397",52.6260843535164,447.80497250372,229.515757764432,2.07320748237436,305322858235.917,14312047.7701,-1102330.3263
"v2414",45.8569684314243,1023.52058484224,396.88915386146,5.8006594200176,154270894940.684,-7387952.2299,-1202330.3263
"v2415",43.9203465097775,762.977470338303,1051.99478696054,3.04182962936206,210524270925.435,-7287952.2299,-1202330.3263
"v2492",58.1432712162906,503.839841372659,430.157790190613,2.53222616628563,215629262973.111,14212047.7701,-1202330.3263
"v2493",58.3188404387783,674.098084800954,214.079548295105,3.36049001726963,220973865536.975,14312047.7701,-1202330.3263
"v2494",50.35262538764,723.280633090806,218.651406910194,3.47125532398187,200182720469.488,14412047.7701,-1202330.3263
"v2500",24.4842536170524,328.081350802634,216.85386595928,1.44712259274414,200182987243.985,15412047.7701,-1202330.3263
"v2501",29.9963534648512,236.243332970641,215.147875874731,0.997866880505765,237667571082.958,15512047.7701,-1202330.3263
"v2511",32.1093724688166,549.306855073986,158.969769560504,3.53672465156849,60367388417.908,-7387952.2299,-1302330.3263
"v2512",47.3141576858978,1290.41334969279,560.920060016012,6.26502181365703,262381814421.104,-7287952.2299,-1302330.3263
"v2588",43.6356654110391,231.163178499434,145.719279062861,0.718960090583938,384430670270.517,14312047.7701,-1302330.3263
"v2589",49.15691332858,469.144460101079,206.549000070199,1.80321125005929,301011581860.208,14412047.7701,-1302330.3263
"v2590",36.3831519020603,220.383229674833,268.693023109883,0.876051393406164,336598184902.459,14512047.7701,-1302330.3263
"v2593",23.3095500153836,111.924344830945,90.3809699129306,0.218379728435601,305485000646.128,15512047.7701,-1302330.3263
"v2594",26.3508918142428,150.505450082147,191.28624249473,0.508442343195948,288936814450.169,15612047.7701,-1302330.3263
"v2599",30.5840070269323,861.32730504013,256.639762393851,3.86120034492197,92644753964.0367,-7387952.2299,-1402330.3263
"v2600",47.4958325203219,1118.95617711744,349.267007161316,5.40035844168418,180772206142.473,-7287952.2299,-1402330.3263
"v2601",38.5857995750968,499.567592649051,179.383314720544,2.35140186460496,177157078004.606,-7187952.2299,-1402330.3263
"v2602",23.0436687391354,328.043033723348,83.8444522659368,1.22540770300413,27944104443.0357,-7087952.2299,-1402330.3263
"v2689",35.8316647394989,430.723212927297,89.979488461008,2.30402527600468,42861178624.8952,-7287952.2299,-1502330.3263
"v2690",41.3777826116031,1203.14484616919,293.793979960629,5.25832372811591,290539084261.651,-7187952.2299,-1502330.3263
"v2691",35.8852480521508,785.896134050162,163.05818092643,3.03810841972103,169144065811.56,-7087952.2299,-1502330.3263
"v2692",29.6933853981947,430.395315953449,134.601240668494,1.51166721242418,7075150437.08279,-6987952.2299,-1502330.3263
"v2693",23.996676984898,109.195004618054,238.614588764702,0.425416265397595,1943412833.24704,-6887952.2299,-1502330.3263
"v2754",23.336107341195,413.646321966674,110.178601024894,2.36337774742241,4991731749.3826,4212047.7701,-1502330.3263
"v2775",33.6661555625666,731.301697657198,205.75567810027,4.08570143917733,140833791100.034,-7187952.2299,-1602330.3263
"v2776",45.0650434278981,877.122863883493,241.550765530966,3.95108291729231,197221242775.974,-7087952.2299,-1602330.3263
"v2777",49.564486493983,809.390336183344,316.486269033401,4.00176537498493,230256776724.274,-6987952.2299,-1602330.3263
"v2778",47.1973065525793,728.28028143785,963.693972184785,3.28528108467015,187714272558.784,-6887952.2299,-1602330.3263
"v2779",29.8720740265336,56.7314122581529,589.941198320746,0.249413422375278,4065178915.22379,-6787952.2299,-1602330.3263
"v2872",35.0599905235168,673.596005019329,124.82619404296,4.16996148856878,81002013701.0983,-7087952.2299,-1702330.3263
"v2874",36.569585925164,522.893602632797,142.759105848083,3.35652174450211,56267626581.506,-6987952.2299,-1702330.3263
"v2876",47.7846037637172,1053.96255250224,709.926112894846,5.08990004966331,87198499556.0655,-6887952.2299,-1702330.3263
"v2878",45.0052061618713,1475.07714714695,1816.85537722808,7.39810254748644,305553664278.194,-6787952.2299,-1702330.3263
"v2880",43.3814633125229,411.583883902395,466.922353334238,1.9528383245279,155335208665.831,-6687952.2299,-1702330.3263
"v3",53.2920034406011,438.890552912852,231.168144442025,2.40081458551012,120805430018.054,-7887952.2299,1097669.6737
"v3007",25.3018649770555,343.815791182384,204.919209855531,2.09909521184418,221622651442.057,4712047.7701,-1702330.3263
"v301",29.9973728338378,134.508306723023,800.195857361223,0.720934247519115,248917143079.138,7712047.7701,897669.673699999
"v302",30.2445669468569,469.926080302925,574.585586834319,2.97479919843121,37791803304.1338,7812047.7701,897669.673699999
"v3094",32.7422835986931,275.281482711143,47.7995184840728,1.38067523329161,42918932976.8464,-6787952.2299,-1802330.3263
"v3096",46.4459277100251,1191.70413861378,442.612875197543,5.68315341850911,290930376143.306,-6687952.2299,-1802330.3263
"v3098",34.8454820839657,541.353425995096,193.861779851958,2.22631465411947,103028404225.57,-6587952.2299,-1802330.3263
"v313",27.9915228474426,187.7750333754,303.206823007494,0.674726380498147,41501294881.3967,12012047.7701,897669.673699999
"v314",33.4019788655743,387.088226927715,259.901347497962,1.54455821192057,314014218253.128,12112047.7701,897669.673699999
"v315",29.3317265894761,451.6343634422,351.70206815155,1.84477076221847,318168813192.637,12212047.7701,897669.673699999
"v3243",28.7280954558745,431.13791320771,115.408184464394,2.45328107173332,70787086980.9729,4712047.7701,-1802330.3263
"v3244",28.9162931815798,374.117584379416,274.548572528684,1.85686927141318,373144225470.912,4812047.7701,-1802330.3263
"v326",25.1720689202412,175.965116394358,571.7597583668,0.864276000500156,208434815530.708,-7487952.2299,797669.673699999
"v327",42.7647746458268,871.225446458597,1529.83108126077,4.56005769066383,232792326951.513,-7387952.2299,797669.673699999
"v328",39.7809008826088,522.012971825694,183.69598875716,3.00553516047449,132433097637.394,-7287952.2299,797669.673699999
"v329",27.2102266398889,338.964346274797,160.21546218132,1.84965344347892,34245918139.8357,-7187952.2299,797669.673699999
"v330",33.9406501733068,797.987010550942,448.507447119093,4.70660358828395,130734042066.098,-7087952.2299,797669.673699999
"v331",34.3879875691741,1024.68775595617,625.707290404465,5.81776351161681,147861126424.024,-6987952.2299,797669.673699999
"v3361",32.5386429219218,513.980139690153,82.7804475787814,2.72591049858083,49511732118.2612,-6687952.2299,-1902330.3263
"v3363",41.4694345538116,675.370829654259,190.494276238032,3.03192235057678,221738116480.762,-6587952.2299,-1902330.3263
"v3365",24.0252748525689,236.370893407648,70.305303048216,0.907954327489017,32220239635.8761,-6487952.2299,-1902330.3263
"v341",25.234356771939,329.966898234583,138.167863232758,1.17366303845306,15878080064.4477,-5987952.2299,797669.673699999
"v3484",29.671113246993,330.282133634971,123.957936762772,1.96497078968192,115179497577.921,4712047.7701,-1902330.3263
"v3485",29.5373159651405,348.132538820381,402.141917013669,1.77647833440718,123984666551.008,4812047.7701,-1902330.3263
"v3486",26.0128841040855,10.3485510474561,70.0504908614065,0.0899798258779932,38556229.5061912,4912047.7701,-1902330.3263
"v3636",37.3972947811517,1326.09730065279,249.316995238124,6.66611451014501,286622404530.908,-6587952.2299,-2002330.3263
"v3638",39.7218240642671,445.884810075388,220.484010134175,1.8526262950325,116033759014.513,-6487952.2299,-2002330.3263
"v3640",23.8819505353533,364.916845276915,320.194961632815,1.38543857579521,37050746134.1975,-6387952.2299,-2002330.3263
"v368",26.5185719468169,407.011740388907,148.380930063946,1.34123990242228,86866103868.1589,912047.770100001,797669.673699999
"v369",24.9748309222208,362.032052439624,91.6197497992757,1.67186922883206,63341385575.9289,1012047.7701,797669.673699999
"v3744",29.6153001899336,232.843193960046,176.311792269945,1.84095830455519,159263024296.326,4712047.7701,-2002330.3263
"v3745",28.8785900653348,263.566753945812,410.293579372892,1.29637484786508,372267963888.092,4812047.7701,-2002330.3263
"v3837",27.0870385763697,225.477257104149,517.483170232948,1.25972460371779,250624835055.78,14012047.7701,-2002330.3263
"v3957",24.4815627342261,367.459640471144,92.1784674654398,1.92559261874477,40167248566.4355,-6587952.2299,-2102330.3263
"v3959",37.6188047654143,825.947035357592,259.230733833267,4.11539100499297,163194147322.319,-6487952.2299,-2102330.3263
"v3961",41.7369705198349,1227.58868412443,825.196461693715,5.5221113968101,236208961651.384,-6387952.2299,-2102330.3263
"v3963",37.9807419902518,199.257936749414,233.095072392747,0.758193098252099,91769338607.0182,-6287952.2299,-2102330.3263
"v4",42.7585025946643,270.008861096046,443.774632757579,1.58908430811791,199582078889.513,-7787952.2299,1097669.6737
"v409",25.879318333392,102.809667098109,538.804415626426,0.500561880471836,295510062341.9,7712047.7701,797669.673699999
"v4090",28.4177610958891,209.747658525519,359.575203523056,1.20088745851702,241399678407.249,4712047.7701,-2102330.3263
"v4091",26.7137175014713,177.071637028261,365.009522583262,0.969408280441118,428109851833.19,4812047.7701,-2102330.3263
"v410",28.690229783027,163.088280981814,861.478371478029,1.0337169847968,245310118301.45,7812047.7701,797669.673699999
"v418",26.4807356526731,516.092462326961,147.81134886923,2.68166382588388,331966618755.464,11212047.7701,797669.673699999
"v419",25.5028897668305,189.744373015228,234.840846801178,0.80885264599395,369065798932.049,11312047.7701,797669.673699999
"v4195",27.4817084189055,187.625166921478,580.031120946416,1.05962057966849,199510509239.648,14012047.7701,-2102330.3263
"v4197",23.2991496020039,74.1010566510229,337.389982752174,0.441462729208283,77349764968.7916,14112047.7701,-2102330.3263
"v424",27.5674581506201,371.591466054855,312.612959247481,1.37252796332005,197007255996.23,12012047.7701,797669.673699999
"v425",27.193139785745,318.563198451939,272.058049760269,1.2095527265258,277363111029.779,12112047.7701,797669.673699999
"v428",25.5061801837647,164.940990892239,724.990935932908,0.794788250210352,255425854150.622,-7487952.2299,697669.673699999
"v429",51.4391372727639,654.087464467778,1570.93946868148,3.23656135846806,215857705962.584,-7387952.2299,697669.673699999
"v430",46.432419512489,620.569862552472,220.248786727394,3.85924138973488,159582783590.225,-7287952.2299,697669.673699999
"v431",38.6233600012304,629.01691221597,286.179393405688,3.77443177853729,101172347232.661,-7187952.2299,697669.673699999
"v432",35.7660184720097,438.349916049317,389.833218731646,2.5131523494818,81674963620.6775,-7087952.2299,697669.673699999
"v433",30.5939021690624,1088.85726706711,479.992484156601,6.05836763041842,172173172766.308,-6987952.2299,697669.673699999
"v4352",34.1257477494848,528.786699199434,178.133246471868,2.9439389012221,42254799784.0316,-6387952.2299,-2202330.3263
"v4354",40.957986166233,1062.07149687843,925.55866316987,4.31320980999232,207486002763.459,-6287952.2299,-2202330.3263
"v4356",31.4020827302054,636.80826880367,559.330699679452,2.75531570646735,125517013572.211,-6187952.2299,-2202330.3263
"v443",25.8918863991279,388.605512407282,112.100522028283,1.52597968700034,89814310439.1419,-5987952.2299,697669.673699999
"v444",23.6436443049657,295.844861630338,58.0793736492889,1.17272219171105,121366887742.91,-5887952.2299,697669.673699999
"v4479",28.8159143063816,313.741860118796,484.426911033686,1.38190670832513,145421819825.227,4712047.7701,-2202330.3263
"v4595",26.2146673268611,140.718200137345,799.208361958538,1.04568119224792,238607021068.729,14012047.7701,-2202330.3263
"v4597",26.5417887098891,197.896040752773,638.622503280459,0.987338146257563,373431617886.679,14112047.7701,-2202330.3263
"v469",32.4104246564829,320.144419388524,152.848847025864,1.01300768044728,118609999215.76,912047.770100001,697669.673699999
"v470",28.5602732183328,295.877100670668,102.083496176828,0.982687333152062,89229457449.9778,1012047.7701,697669.673699999
"v4756",23.0548687689706,338.263945411761,101.202304979545,1.38473747954545,149356301162.322,-6187952.2299,-2302330.3263
"v4882",23.4094635885782,173.732142553553,91.7815420593026,0.971586383691759,144716071894.177,4612047.7701,-2302330.3263
"v4884",29.5662925345667,419.133351731046,482.439813176974,1.78490452790671,218832641748.88,4712047.7701,-2302330.3263
"v5",23.7147052230524,168.95097638862,310.341219893387,0.870902520796849,193084992941.978,-7687952.2299,1097669.6737
"v5002",26.3714686644692,106.274460871565,440.272873754198,0.64238508454728,179964841560.614,14012047.7701,-2302330.3263
"v5004",24.0956836739139,191.82136347014,455.918630447192,1.00293981535279,401694961999.552,14112047.7701,-2302330.3263
"v517",27.1174887561766,380.552955736437,370.311186517168,2.00208861150269,235294944621.373,11212047.7701,697669.673699999
"v518",23.442011209587,164.428984781314,233.011321012732,0.70139312364294,6594743438.16234,11312047.7701,697669.673699999
"v520",22.9609820722711,38.6539089409848,61.5190984807069,0.163499667114251,439565027619.027,11512047.7701,697669.673699999
"v524",26.2450721036722,177.269009057088,134.910750318186,0.650066788128823,176678054271.924,12112047.7701,697669.673699999
"v5280",28.0512438917466,279.663305023577,242.074410072717,1.41753581851865,222965734504.597,4612047.7701,-2402330.3263
"v5282",29.0047222533144,345.703484582965,333.187899822862,1.50336625365001,337343544618.198,4712047.7701,-2402330.3263
"v530",23.1932256720118,33.787226968568,382.019072618436,0.120443249872742,303502652527.44,-7487952.2299,597669.673699999
"v531",51.7932357236916,672.039319319257,2018.39262090403,3.39155098778179,204281869537.134,-7387952.2299,597669.673699999
"v532",43.4369440713895,966.191873299284,273.540907845154,5.88913601847063,128985680364.451,-7287952.2299,597669.673699999
"v533",38.7483542060964,1014.19641662033,378.555501295948,6.02618402048692,148096922537.383,-7187952.2299,597669.673699999
"v534",39.7750646760459,1016.27955019921,743.13482252365,5.54331517407483,116594696747.704,-7087952.2299,597669.673699999
"v5401",27.2767281705236,223.959525515953,346.74472560785,1.06830279534772,272914201844.632,14112047.7701,-2402330.3263
"v5438",23.1685901849258,68.3359035681473,153.748506614457,0.118678182636034,987807879.70204,17212047.7701,-2402330.3263
"v545",24.2686717040836,162.441996196571,129.7110158724,0.768993057348937,63513813811.0641,-5987952.2299,597669.673699999
"v546",23.5145166487433,222.064533007192,109.729599811769,1.15232719786982,230729679770.222,-5887952.2299,597669.673699999
"v5654",25.9270186294027,475.62644183187,349.185439495453,2.40610040037451,179574430616.426,4612047.7701,-2502330.3263
"v568",27.2136672551044,370.16520909197,137.3455516143,1.55217943054224,113148092853.926,912047.770100001,597669.673699999
"v5803",25.5950859011988,112.296690429476,104.173411608232,0.340817572188529,83012447395.2627,15912047.7701,-2502330.3263
"v6",23.4825217397813,129.872106177205,187.460591292574,0.695942757896063,266511376332.924,-7587952.2299,1097669.6737
"v6021",24.5106399830507,430.51754419609,376.082075649523,2.09187650984358,91856690760.0109,4612047.7701,-2602330.3263
"v609",23.0413836484821,419.45871553223,170.455508678105,2.36543214660656,204001652843.623,9412047.7701,597669.673699999
"v617",28.0431818393142,432.945875879178,481.880338584362,2.30060267021142,287527827629.563,11112047.7701,597669.673699999
"v6174",26.7606762696784,180.13187234942,240.86810438319,0.656333295174505,359603141229.858,15912047.7701,-2602330.3263
"v6176",25.9243192323259,109.736361973808,180.284041394873,0.643539763026562,383184931629.833,16012047.7701,-2602330.3263
"v618",26.3472656385812,279.806158133356,219.335928651119,1.57840130393151,8206491155.89132,11212047.7701,597669.673699999
"v621",23.4593203357433,24.8446806117424,59.2077926757797,0.127667711968073,308932655271.486,11512047.7701,597669.673699999
"v626",24.8588866032878,18.4760555117366,1040.87750318384,0.201164834312155,286384406702.66,-7487952.2299,497669.673699999
"v627",66.3911950886196,782.402238414465,1737.18134621036,3.96756568325348,126806199830.205,-7387952.2299,497669.673699999
"v628",36.6956593327834,1141.41519679278,154.789998273159,7.27139207423651,166880982873.133,-7287952.2299,497669.673699999
"v629",32.4825732402381,1212.45947011474,280.353525047396,7.36751313546055,156505816904.415,-7187952.2299,497669.673699999
"v630",31.1704561415616,613.177183650875,363.124941850691,2.92679486177243,84692798558.908,-7087952.2299,497669.673699999
"v6316",25.2396391556127,167.208229055313,54.5974346417336,0.975741212766142,37786000490.029,-4087952.2299,-2702330.3263
"v6317",23.4138759323267,139.34516544919,46.0010627233631,0.78785965432018,277432394160.955,-3987952.2299,-2702330.3263
"v6371",29.1954831757794,73.9721860581051,96.1426961239974,0.261855144734713,200613586000.463,4212047.7701,-2702330.3263
"v6377",24.4188965702414,190.357358227981,145.935319467072,1.70266585291234,170856531464.541,4512047.7701,-2702330.3263
"v6379",24.8268483442804,336.202209326446,341.466420916425,1.59209240012951,342304206397.191,4612047.7701,-2702330.3263
"v6531",26.7095123638035,178.202921028039,264.99437464488,0.757561659058133,333971722445.623,15912047.7701,-2702330.3263
"v6533",26.7095123638035,207.775540950713,254.032005123923,0.841716406494672,268827338618.8,16012047.7701,-2702330.3263
"v6535",26.7095123638035,212.988017543856,419.220800382814,0.913467213586236,158576413787.018,16112047.7701,-2702330.3263
"v655",27.6968556508208,489.758755272488,129.64950913671,2.46501856859568,220833694826.051,912047.770100001,497669.673699999
"v6650",24.9758131147896,405.004133861243,149.221626331881,2.13968682994054,35903914417.4878,-4287952.2299,-2802330.3263
"v6651",28.6039121760857,328.007781190672,183.898824150901,1.89956501143471,35309639774.2634,-4187952.2299,-2802330.3263
"v6652",31.6107175428908,413.545109156636,129.89253757216,2.29063337271992,172468021310.945,-4087952.2299,-2802330.3263
"v6707",31.8799515422445,259.618455718884,93.4843706136794,1.01915565713101,154202340674.548,4212047.7701,-2802330.3263
"v6713",23.6335103058061,286.417438213308,291.302823585556,1.51543442793579,193751019519.762,4512047.7701,-2802330.3263
"v6715",23.0189643062278,80.4922459140993,203.534232395181,0.429787262812888,329637655194.789,4612047.7701,-2802330.3263
"v6854",26.7514265735093,49.0803093395149,92.675435755003,0.338310244179645,195115725844.079,16012047.7701,-2802330.3263
"v6855",26.7915806439219,122.638816190335,309.320111511738,0.42665740024347,234281625567.409,16112047.7701,-2802330.3263
"v696",23.3174049721094,687.071142169941,236.467489766959,4.5630656805365,202109548208.533,9412047.7701,497669.673699999
"v6971",24.5156422566721,280.116111429452,419.07339822401,1.55223663041508,287904713344.525,-4387952.2299,-2902330.3263
"v7",41.4730122681727,199.286953906396,228.674425311719,1.03856392148452,333250553540.272,-7487952.2299,1097669.6737
"v7022",28.1483853526984,145.455620639395,45.8685341303059,0.505467434307121,185940853997.318,4212047.7701,-2902330.3263
"v7028",23.4137319232335,309.293958318783,300.042859855046,1.26646210903418,166031816231.365,4512047.7701,-2902330.3263
"v706",26.5904684539765,425.758681501167,271.112849085264,2.29406153738937,46592175895.8119,11112047.7701,497669.673699999
"v707",25.4644337309404,402.092734956382,194.327187669156,2.30469771179704,1329506706.08989,11212047.7701,497669.673699999
"v712",50.2286785036861,117.782337067572,677.602823384781,0.402915999746467,254275367340.287,-7487952.2299,397669.673699999
"v713",71.6947693751653,837.732513313092,606.96020330599,5.00983008330707,113827203421.844,-7387952.2299,397669.673699999
"v714",33.8991577947599,1025.92429096901,120.403674680535,6.59258230808517,176817490449.463,-7287952.2299,397669.673699999
"v715",26.9852581505822,709.023410881918,398.367222826067,3.99585712844873,215479331578.282,-7187952.2299,397669.673699999
"v7278",23.1021379264578,324.245528930146,209.042985941388,1.89874596731804,243312691662.304,-4587952.2299,-3002330.3263
"v7345",27.0669274341979,391.289071945675,279.573962206475,2.46843591111923,191875522649.902,4512047.7701,-3002330.3263
"v7600",25.8807186623768,334.375977072966,239.33799801619,1.54353411374091,248930832342.66,-4687952.2299,-3102330.3263
"v7673",27.8117790668306,225.396593452777,256.202394823924,1.30036424626221,309701651761.537,4512047.7701,-3102330.3263
"v7928",25.6466464090719,364.076392906721,97.0435557755598,1.5701830436015,307328058279.819,-4687952.2299,-3202330.3263
"v794",24.0740402170414,251.01722002757,96.2500225831921,1.16673073676011,6429954724.86036,11012047.7701,397669.673699999
"v795",24.1594610984261,357.260276464702,150.632172642138,2.06526640937895,7098097322.9907,11112047.7701,397669.673699999
"v796",23.0509538586692,350.77456478941,101.53741693996,1.94721817607963,1995758746.23499,11212047.7701,397669.673699999
"v802",22.9719975320894,10.8715106828893,467.251019567567,0.0730335310059532,302563683944.554,-7587952.2299,297669.673699999
"v803",64.4459167251084,793.967962877328,1189.02536173638,3.93227180617893,251794766069.26,-7487952.2299,297669.673699999
"v804",67.473004757395,784.087699236277,279.65241974251,4.91134069851317,94056264892.0139,-7387952.2299,297669.673699999
"v805",46.2121802312599,586.203229088364,200.605202673899,3.43625225987164,91692467965.9178,-7287952.2299,297669.673699999
"v8756",23.942309122575,211.130562624445,119.685928156224,1.03030529196937,111652601352.595,14712047.7701,-3402330.3263
"v889",25.5186251552388,103.549276782607,49.2620134886482,0.47362595502084,358495401.797544,12312047.7701,297669.673699999
"v894",47.2443891651952,201.669088265375,748.480450747964,1.09992242823424,209965948795.302,-7587952.2299,197669.673699999
"v895",67.510659102238,816.382244996878,1084.21518629742,4.10009479074617,91548187311.8372,-7487952.2299,197669.673699999
"v896",54.5134362504779,719.941073527866,575.534782465784,4.10545550057353,164410565631.192,-7387952.2299,197669.673699999
"v897",39.5371811679333,518.545280170046,582.15489057815,2.52610314464688,89472879386.6915,-7287952.2299,197669.673699999
"v9052",23.9125714390435,266.139423533853,136.758031311312,1.39660362491463,130167376922.538,14712047.7701,-3502330.3263
"v9053",25.1938526681929,178.431894866105,237.28593407426,0.797550377149573,320352726408.26,14812047.7701,-3502330.3263
"v944",25.6003661739201,333.272972933616,158.515357132678,1.77912674492035,297061037093.056,2912047.7701,197669.673699999
"v983",25.5186251552388,174.867891300467,73.2329313150675,0.824557787806486,421011055553.071,12312047.7701,197669.673699999
"v984",25.343439146066,238.066437866005,71.1134824209943,1.10250467069213,390250429313.434,12412047.7701,197669.673699999
"v988",31.1533061713245,95.966658715413,317.165057856096,0.490756878082334,105439208999.469,-7687952.2299,97669.6736999992
"v989",70.3569345808961,938.3525012475,595.963617109594,4.4777174054417,172330853854.989,-7587952.2299,97669.6736999992
"v990",70.4495764716083,750.222571275901,583.547334545021,4.11521006165675,125007991954.094,-7487952.2299,97669.6736999992
"v991",45.9583346275174,679.548541507235,483.228025097594,3.51806166088491,175829473423.314,-7387952.2299,97669.6736999992
